index_full,i,j,index,rank_raw,time_raw,province,city,unit,rank_type,rank_n,time_public
1,1,1,1,高风险地区50个,截至北京时间 2022-04-04 17:11,天津,河北区,河北区月牙河街大江路菜老乐蔬菜店（含蓟县鸡蛋店）,高风险,50,2022-04-04T17:11:00Z
2,1,1,2,高风险地区50个,截至北京时间 2022-04-04 17:11,天津,河北区,月牙河街满江里,高风险,50,2022-04-04T17:11:00Z
3,1,1,3,高风险地区50个,截至北京时间 2022-04-04 17:11,天津,东丽区,金钟街春江里小区,高风险,50,2022-04-04T17:11:00Z
4,1,1,4,高风险地区50个,截至北京时间 2022-04-04 17:11,天津,东丽区,金钟街赵沽里新苑小区,高风险,50,2022-04-04T17:11:00Z
5,1,1,5,高风险地区50个,截至北京时间 2022-04-04 17:11,天津,北辰区,天穆镇辰美雅苑3号楼,高风险,50,2022-04-04T17:11:00Z
6,1,1,6,高风险地区50个,截至北京时间 2022-04-04 17:11,天津,静海区,朝阳街道瑞和道与月纬路交口清水湾洗浴,高风险,50,2022-04-04T17:11:00Z
7,1,1,7,高风险地区50个,截至北京时间 2022-04-04 17:11,天津,西青区,杨柳青镇锦绣欣居,高风险,50,2022-04-04T17:11:00Z
8,1,2,1,高风险地区50个,截至北京时间 2022-04-04 17:11,河北,唐山,高新技术开发区盛华世家仓储购物市场,高风险,50,2022-04-04T17:11:00Z
9,1,2,2,高风险地区50个,截至北京时间 2022-04-04 17:11,河北,廊坊,安次区葛渔城镇全域,高风险,50,2022-04-04T17:11:00Z
10,1,3,1,高风险地区50个,截至北京时间 2022-04-04 17:11,辽宁,营口,营口市鲅鱼圈区北大荒物流股份有限公司,高风险,50,2022-04-04T17:11:00Z
11,1,3,2,高风险地区50个,截至北京时间 2022-04-04 17:11,辽宁,沈阳,辽中区茨榆坨街道,高风险,50,2022-04-04T17:11:00Z
12,1,4,1,高风险地区50个,截至北京时间 2022-04-04 17:11,吉林,长春,九郊街道新州社区,高风险,50,2022-04-04T17:11:00Z
13,1,4,2,高风险地区50个,截至北京时间 2022-04-04 17:11,吉林,长春,青年路街道宇航社区,高风险,50,2022-04-04T17:11:00Z
14,1,4,3,高风险地区50个,截至北京时间 2022-04-04 17:11,吉林,长春,团山街道小南街社区,高风险,50,2022-04-04T17:11:00Z
15,1,4,4,高风险地区50个,截至北京时间 2022-04-04 17:11,吉林,吉林市,昌邑区桦皮厂镇桦皮厂社区,高风险,50,2022-04-04T17:11:00Z
16,1,4,5,高风险地区50个,截至北京时间 2022-04-04 17:11,吉林,吉林市,昌邑区延江街道江山帝景小区,高风险,50,2022-04-04T17:11:00Z
17,1,4,6,高风险地区50个,截至北京时间 2022-04-04 17:11,吉林,吉林市,经开区九站街道农校社区八委十组（九龙路以南、经开大街以东、翰林路以南）,高风险,50,2022-04-04T17:11:00Z
18,1,5,1,高风险地区50个,截至北京时间 2022-04-04 17:11,黑龙江,哈尔滨,五常市八家子乡全域,高风险,50,2022-04-04T17:11:00Z
19,1,5,2,高风险地区50个,截至北京时间 2022-04-04 17:11,黑龙江,哈尔滨,五常市拉林镇,高风险,50,2022-04-04T17:11:00Z
20,1,5,3,高风险地区50个,截至北京时间 2022-04-04 17:11,黑龙江,佳木斯,汤原县东湖城小区,高风险,50,2022-04-04T17:11:00Z
21,1,5,4,高风险地区50个,截至北京时间 2022-04-04 17:11,黑龙江,佳木斯,汤原县阳光河畔小区,高风险,50,2022-04-04T17:11:00Z
22,1,6,1,高风险地区50个,截至北京时间 2022-04-04 17:11,福建,泉州,丰泽区滨海酒店,高风险,50,2022-04-04T17:11:00Z
23,1,6,2,高风险地区50个,截至北京时间 2022-04-04 17:11,福建,泉州,丰泽区城东街道埭头社区,高风险,50,2022-04-04T17:11:00Z
24,1,6,3,高风险地区50个,截至北京时间 2022-04-04 17:11,福建,泉州,丰泽区城东街道东星社区,高风险,50,2022-04-04T17:11:00Z
25,1,6,4,高风险地区50个,截至北京时间 2022-04-04 17:11,福建,泉州,丰泽区城东街道前头社区,高风险,50,2022-04-04T17:11:00Z
26,1,6,5,高风险地区50个,截至北京时间 2022-04-04 17:11,福建,泉州,丰泽区城东街道浔美社区,高风险,50,2022-04-04T17:11:00Z
27,1,6,6,高风险地区50个,截至北京时间 2022-04-04 17:11,福建,泉州,丰泽区东海街道滨城社区,高风险,50,2022-04-04T17:11:00Z
28,1,6,7,高风险地区50个,截至北京时间 2022-04-04 17:11,福建,泉州,丰泽区东海街道法石社区,高风险,50,2022-04-04T17:11:00Z
29,1,6,8,高风险地区50个,截至北京时间 2022-04-04 17:11,福建,泉州,丰泽区东海街道云谷社区,高风险,50,2022-04-04T17:11:00Z
30,1,6,9,高风险地区50个,截至北京时间 2022-04-04 17:11,福建,泉州,丰泽区东海街道云山社区,高风险,50,2022-04-04T17:11:00Z
31,1,6,10,高风险地区50个,截至北京时间 2022-04-04 17:11,福建,泉州,丰泽区丰泽街道东美社区北至妙云街、西至刺桐南路、南至泉秀街、东至坪山路和东霞街（河岸）区域,高风险,50,2022-04-04T17:11:00Z
32,1,6,11,高风险地区50个,截至北京时间 2022-04-04 17:11,福建,泉州,丰泽区丰泽街道霞淮社区,高风险,50,2022-04-04T17:11:00Z
33,1,6,12,高风险地区50个,截至北京时间 2022-04-04 17:11,福建,泉州,丰泽区泉秀街道成洲社区,高风险,50,2022-04-04T17:11:00Z
34,1,6,13,高风险地区50个,截至北京时间 2022-04-04 17:11,福建,泉州,丰泽区泉秀街道沉洲社区,高风险,50,2022-04-04T17:11:00Z
35,1,6,14,高风险地区50个,截至北京时间 2022-04-04 17:11,福建,泉州,丰泽区泉秀街道灯星社区,高风险,50,2022-04-04T17:11:00Z
36,1,6,15,高风险地区50个,截至北京时间 2022-04-04 17:11,福建,泉州,晋江市陈埭江滨南路、鞋都路、九十九溪围合的三角区域,高风险,50,2022-04-04T17:11:00Z
37,1,6,16,高风险地区50个,截至北京时间 2022-04-04 17:11,福建,泉州,晋江市陈埭镇庵上村,高风险,50,2022-04-04T17:11:00Z
38,1,6,17,高风险地区50个,截至北京时间 2022-04-04 17:11,福建,泉州,晋江市池店镇东山村,高风险,50,2022-04-04T17:11:00Z
39,1,6,18,高风险地区50个,截至北京时间 2022-04-04 17:11,福建,泉州,晋江市陈埭镇海尾村,高风险,50,2022-04-04T17:11:00Z
40,1,6,19,高风险地区50个,截至北京时间 2022-04-04 17:11,福建,泉州,鲤城区临江街道伍堡社区伍堡旧街北至四堡街、南至义全街、西至伍堡新街、东至中山南路区域,高风险,50,2022-04-04T17:11:00Z
41,1,6,20,高风险地区50个,截至北京时间 2022-04-04 17:11,福建,泉州,洛江区万安街道吉源小区20号楼,高风险,50,2022-04-04T17:11:00Z
42,1,6,21,高风险地区50个,截至北京时间 2022-04-04 17:11,福建,泉州,石狮市万国会（名爵酒店）,高风险,50,2022-04-04T17:11:00Z
43,1,6,22,高风险地区50个,截至北京时间 2022-04-04 17:11,福建,莆田,仙游私立一中,高风险,50,2022-04-04T17:11:00Z
44,1,7,1,高风险地区50个,截至北京时间 2022-04-04 17:11,山东,滨州,曹王镇杭屯村,高风险,50,2022-04-04T17:11:00Z
45,1,7,2,高风险地区50个,截至北京时间 2022-04-04 17:11,山东,滨州,惠民县环城南路108号,高风险,50,2022-04-04T17:11:00Z
46,1,7,3,高风险地区50个,截至北京时间 2022-04-04 17:11,山东,滨州,阳信县翟王镇,高风险,50,2022-04-04T17:11:00Z
47,1,7,4,高风险地区50个,截至北京时间 2022-04-04 17:11,山东,滨州,邹平市韩店镇西王新村,高风险,50,2022-04-04T17:11:00Z
48,1,7,5,高风险地区50个,截至北京时间 2022-04-04 17:11,山东,滨州,邹平市黄山街道办事处张山村,高风险,50,2022-04-04T17:11:00Z
49,1,7,6,高风险地区50个,截至北京时间 2022-04-04 17:11,山东,威海,火炬高技术产业开发区古寨东路145号渊源澡塘,高风险,50,2022-04-04T17:11:00Z
50,1,8,1,高风险地区50个,截至北京时间 2022-04-04 17:11,甘肃,兰州,兰州市七里河区秀川街道崔家崖大户村,高风险,50,2022-04-04T17:11:00Z
51,2,1,1,中风险地区349个,截至北京时间 2022-04-04 17:11,北京,朝阳区,六里屯街道八里庄北里东社区,中风险,349,2022-04-04T17:11:00Z
52,2,2,1,中风险地区349个,截至北京时间 2022-04-04 17:11,天津,河北区,光复道街万爱情侣主题酒店（建国道1号龙门大厦）,中风险,349,2022-04-04T17:11:00Z
53,2,2,2,中风险地区349个,截至北京时间 2022-04-04 17:11,天津,河北区,月牙河街锦江南里27门,中风险,349,2022-04-04T17:11:00Z
54,2,2,3,中风险地区349个,截至北京时间 2022-04-04 17:11,天津,静海区,朝阳街道宇纬路春曦公园,中风险,349,2022-04-04T17:11:00Z
55,2,2,4,中风险地区349个,截至北京时间 2022-04-04 17:11,天津,西青区,西营门街赵苑西里8号楼,中风险,349,2022-04-04T17:11:00Z
56,2,3,1,中风险地区349个,截至北京时间 2022-04-04 17:11,河北,廊坊,安次区东沽港镇淘河村,中风险,349,2022-04-04T17:11:00Z
57,2,3,2,中风险地区349个,截至北京时间 2022-04-04 17:11,河北,廊坊,桃园村,中风险,349,2022-04-04T17:11:00Z
58,2,3,3,中风险地区349个,截至北京时间 2022-04-04 17:11,河北,唐山,路北区君瑞联合农贸市场,中风险,349,2022-04-04T17:11:00Z
59,2,4,1,中风险地区349个,截至北京时间 2022-04-04 17:11,内蒙古,赤峰,巴林左旗西城街道赛汗小区,中风险,349,2022-04-04T17:11:00Z
60,2,5,1,中风险地区349个,截至北京时间 2022-04-04 17:11,辽宁,营口,恒祥湾·富贵园,中风险,349,2022-04-04T17:11:00Z
61,2,5,2,中风险地区349个,截至北京时间 2022-04-04 17:11,辽宁,营口,金禾一品财富广场,中风险,349,2022-04-04T17:11:00Z
62,2,5,3,中风险地区349个,截至北京时间 2022-04-04 17:11,辽宁,营口,金座A区,中风险,349,2022-04-04T17:11:00Z
63,2,5,4,中风险地区349个,截至北京时间 2022-04-04 17:11,辽宁,营口,群星国际新城,中风险,349,2022-04-04T17:11:00Z
64,2,5,5,中风险地区349个,截至北京时间 2022-04-04 17:11,辽宁,营口,新港小区,中风险,349,2022-04-04T17:11:00Z
65,2,5,6,中风险地区349个,截至北京时间 2022-04-04 17:11,辽宁,大连,金普新区马桥子街道凯悦公寓B座,中风险,349,2022-04-04T17:11:00Z
66,2,5,7,中风险地区349个,截至北京时间 2022-04-04 17:11,辽宁,大连,金普新区七顶山街道陆海村陆海小区7号,中风险,349,2022-04-04T17:11:00Z
67,2,5,8,中风险地区349个,截至北京时间 2022-04-04 17:11,辽宁,大连,普兰店区丰荣街道久寿社区中心路一段49号,中风险,349,2022-04-04T17:11:00Z
68,2,5,9,中风险地区349个,截至北京时间 2022-04-04 17:11,辽宁,大连,普兰店区太平街道如意人家钰莲园小区10号楼,中风险,349,2022-04-04T17:11:00Z
69,2,5,10,中风险地区349个,截至北京时间 2022-04-04 17:11,辽宁,沈阳,钢花小区,中风险,349,2022-04-04T17:11:00Z
70,2,5,11,中风险地区349个,截至北京时间 2022-04-04 17:11,辽宁,沈阳,沈阳市大东区惠民家园,中风险,349,2022-04-04T17:11:00Z
71,2,5,12,中风险地区349个,截至北京时间 2022-04-04 17:11,辽宁,沈阳,中体奥林匹克花园新城,中风险,349,2022-04-04T17:11:00Z
72,2,6,1,中风险地区349个,截至北京时间 2022-04-04 17:11,吉林,长春,朝阳区重庆街道安华公寓西安大路336号,中风险,349,2022-04-04T17:11:00Z
73,2,6,2,中风险地区349个,截至北京时间 2022-04-04 17:11,吉林,长春,朝阳区湖西街道开运街1629号楼,中风险,349,2022-04-04T17:11:00Z
74,2,6,3,中风险地区349个,截至北京时间 2022-04-04 17:11,吉林,长春,朝阳区湖西街道领秀朝阳上院,中风险,349,2022-04-04T17:11:00Z
75,2,6,4,中风险地区349个,截至北京时间 2022-04-04 17:11,吉林,长春,朝阳区湖西街道新星宇福苑二期,中风险,349,2022-04-04T17:11:00Z
76,2,6,5,中风险地区349个,截至北京时间 2022-04-04 17:11,吉林,长春,朝阳区南湖街道长春大学卫星路以南八公寓,中风险,349,2022-04-04T17:11:00Z
77,2,6,6,中风险地区349个,截至北京时间 2022-04-04 17:11,吉林,长春,德惠市建设街道博文雅苑,中风险,349,2022-04-04T17:11:00Z
78,2,6,7,中风险地区349个,截至北京时间 2022-04-04 17:11,吉林,长春,德惠市建设街道都会公馆,中风险,349,2022-04-04T17:11:00Z
79,2,6,8,中风险地区349个,截至北京时间 2022-04-04 17:11,吉林,长春,德惠市建设街道龙凤尚城,中风险,349,2022-04-04T17:11:00Z
80,2,6,9,中风险地区349个,截至北京时间 2022-04-04 17:11,吉林,长春,德惠市建设街道龙凤翔城,中风险,349,2022-04-04T17:11:00Z
81,2,6,10,中风险地区349个,截至北京时间 2022-04-04 17:11,吉林,长春,德惠市建设街道盛世金城,中风险,349,2022-04-04T17:11:00Z
82,2,6,11,中风险地区349个,截至北京时间 2022-04-04 17:11,吉林,长春,德惠市胜利街道吉成福园,中风险,349,2022-04-04T17:11:00Z
83,2,6,12,中风险地区349个,截至北京时间 2022-04-04 17:11,吉林,长春,德惠市胜利街道龙德盛世城,中风险,349,2022-04-04T17:11:00Z
84,2,6,13,中风险地区349个,截至北京时间 2022-04-04 17:11,吉林,长春,德惠市胜利街道壹号院,中风险,349,2022-04-04T17:11:00Z
85,2,6,14,中风险地区349个,截至北京时间 2022-04-04 17:11,吉林,长春,德惠市万宝镇广太村,中风险,349,2022-04-04T17:11:00Z
86,2,6,15,中风险地区349个,截至北京时间 2022-04-04 17:11,吉林,长春,德惠市万宝镇街道,中风险,349,2022-04-04T17:11:00Z
87,2,6,16,中风险地区349个,截至北京时间 2022-04-04 17:11,吉林,长春,德惠市万宝镇顺山村,中风险,349,2022-04-04T17:11:00Z
88,2,6,17,中风险地区349个,截至北京时间 2022-04-04 17:11,吉林,长春,德惠市万宝镇万宝村,中风险,349,2022-04-04T17:11:00Z
89,2,6,18,中风险地区349个,截至北京时间 2022-04-04 17:11,吉林,长春,二道区八里堡街道力旺康城,中风险,349,2022-04-04T17:11:00Z
90,2,6,19,中风险地区349个,截至北京时间 2022-04-04 17:11,吉林,长春,二道区东盛街道上东城市之光,中风险,349,2022-04-04T17:11:00Z
91,2,6,20,中风险地区349个,截至北京时间 2022-04-04 17:11,吉林,长春,二道区吉林街道高格蓝湾,中风险,349,2022-04-04T17:11:00Z
92,2,6,21,中风险地区349个,截至北京时间 2022-04-04 17:11,吉林,长春,二道区吉林街道吉盛高层小区,中风险,349,2022-04-04T17:11:00Z
93,2,6,22,中风险地区349个,截至北京时间 2022-04-04 17:11,吉林,长春,二道区远达街道昊泽家园,中风险,349,2022-04-04T17:11:00Z
94,2,6,23,中风险地区349个,截至北京时间 2022-04-04 17:11,吉林,长春,二道区长青街道十方界,中风险,349,2022-04-04T17:11:00Z
95,2,6,24,中风险地区349个,截至北京时间 2022-04-04 17:11,吉林,长春,公主岭市范家屯镇十家子社区,中风险,349,2022-04-04T17:11:00Z
96,2,6,25,中风险地区349个,截至北京时间 2022-04-04 17:11,吉林,长春,公主岭市河北街道金碧阁小区,中风险,349,2022-04-04T17:11:00Z
97,2,6,26,中风险地区349个,截至北京时间 2022-04-04 17:11,吉林,长春,公主岭市河北街道玛钢花园二期,中风险,349,2022-04-04T17:11:00Z
98,2,6,27,中风险地区349个,截至北京时间 2022-04-04 17:11,吉林,长春,公主岭市河北街道紫金公馆,中风险,349,2022-04-04T17:11:00Z
99,2,6,28,中风险地区349个,截至北京时间 2022-04-04 17:11,吉林,长春,公主岭市环岭街道高家岗村,中风险,349,2022-04-04T17:11:00Z
100,2,6,29,中风险地区349个,截至北京时间 2022-04-04 17:11,吉林,长春,公主岭市响水镇刘小窝堡村,中风险,349,2022-04-04T17:11:00Z
101,2,6,30,中风险地区349个,截至北京时间 2022-04-04 17:11,吉林,长春,经开区东方广场街道恒大帝景一期,中风险,349,2022-04-04T17:11:00Z
102,2,6,31,中风险地区349个,截至北京时间 2022-04-04 17:11,吉林,长春,经开区会展街道北海丽景,中风险,349,2022-04-04T17:11:00Z
103,2,6,32,中风险地区349个,截至北京时间 2022-04-04 17:11,吉林,长春,经开区世纪街道智诚学校,中风险,349,2022-04-04T17:11:00Z
104,2,6,33,中风险地区349个,截至北京时间 2022-04-04 17:11,吉林,长春,经开区兴隆山镇分水村,中风险,349,2022-04-04T17:11:00Z
105,2,6,34,中风险地区349个,截至北京时间 2022-04-04 17:11,吉林,长春,经开区兴隆山镇金色家园,中风险,349,2022-04-04T17:11:00Z
106,2,6,35,中风险地区349个,截至北京时间 2022-04-04 17:11,吉林,长春,经开区兴隆山镇吴中北国之春,中风险,349,2022-04-04T17:11:00Z
107,2,6,36,中风险地区349个,截至北京时间 2022-04-04 17:11,吉林,长春,经开区兴隆山镇中海寰宇天下,中风险,349,2022-04-04T17:11:00Z
108,2,6,37,中风险地区349个,截至北京时间 2022-04-04 17:11,吉林,长春,九台区胡家回族乡周家村6社,中风险,349,2022-04-04T17:11:00Z
109,2,6,38,中风险地区349个,截至北京时间 2022-04-04 17:11,吉林,长春,九台区纪家街道纪家村,中风险,349,2022-04-04T17:11:00Z
110,2,6,39,中风险地区349个,截至北京时间 2022-04-04 17:11,吉林,长春,九台区纪家街道坐山村,中风险,349,2022-04-04T17:11:00Z
111,2,6,40,中风险地区349个,截至北京时间 2022-04-04 17:11,吉林,长春,九台区沐石河街道八家子村,中风险,349,2022-04-04T17:11:00Z
112,2,6,41,中风险地区349个,截至北京时间 2022-04-04 17:11,吉林,长春,九台区沐石河街道孤家子村,中风险,349,2022-04-04T17:11:00Z
113,2,6,42,中风险地区349个,截至北京时间 2022-04-04 17:11,吉林,长春,九台区沐石河街道横道村,中风险,349,2022-04-04T17:11:00Z
114,2,6,43,中风险地区349个,截至北京时间 2022-04-04 17:11,吉林,长春,九台区沐石河街道河南村,中风险,349,2022-04-04T17:11:00Z
115,2,6,44,中风险地区349个,截至北京时间 2022-04-04 17:11,吉林,长春,九台区沐石河街道卢家村,中风险,349,2022-04-04T17:11:00Z
116,2,6,45,中风险地区349个,截至北京时间 2022-04-04 17:11,吉林,长春,九台区沐石河街道沐石河村,中风险,349,2022-04-04T17:11:00Z
117,2,6,46,中风险地区349个,截至北京时间 2022-04-04 17:11,吉林,长春,九台区沐石河街道太和村,中风险,349,2022-04-04T17:11:00Z
118,2,6,47,中风险地区349个,截至北京时间 2022-04-04 17:11,吉林,长春,九台区沐石河街道于家村,中风险,349,2022-04-04T17:11:00Z
119,2,6,48,中风险地区349个,截至北京时间 2022-04-04 17:11,吉林,长春,九台区沐石河街道杨树村,中风险,349,2022-04-04T17:11:00Z
120,2,6,49,中风险地区349个,截至北京时间 2022-04-04 17:11,吉林,长春,九台区沐石河街道张家村,中风险,349,2022-04-04T17:11:00Z
121,2,6,50,中风险地区349个,截至北京时间 2022-04-04 17:11,吉林,长春,九台区其塔木镇北山村,中风险,349,2022-04-04T17:11:00Z
122,2,6,51,中风险地区349个,截至北京时间 2022-04-04 17:11,吉林,长春,九台区上河湾镇南甸子村,中风险,349,2022-04-04T17:11:00Z
123,2,6,52,中风险地区349个,截至北京时间 2022-04-04 17:11,吉林,长春,九台区上河湾镇双顶村,中风险,349,2022-04-04T17:11:00Z
124,2,6,53,中风险地区349个,截至北京时间 2022-04-04 17:11,吉林,长春,九台区上河湾镇万福花园,中风险,349,2022-04-04T17:11:00Z
125,2,6,54,中风险地区349个,截至北京时间 2022-04-04 17:11,吉林,长春,九台区上河湾镇吴文祥小区,中风险,349,2022-04-04T17:11:00Z
126,2,6,55,中风险地区349个,截至北京时间 2022-04-04 17:11,吉林,长春,九台区上河湾镇幸福家园,中风险,349,2022-04-04T17:11:00Z
127,2,6,56,中风险地区349个,截至北京时间 2022-04-04 17:11,吉林,长春,九台区上河湾镇友谊小区老楼,中风险,349,2022-04-04T17:11:00Z
128,2,6,57,中风险地区349个,截至北京时间 2022-04-04 17:11,吉林,长春,九台区苇子沟街道大苇村,中风险,349,2022-04-04T17:11:00Z
129,2,6,58,中风险地区349个,截至北京时间 2022-04-04 17:11,吉林,长春,九台区苇子沟街道官地村,中风险,349,2022-04-04T17:11:00Z
130,2,6,59,中风险地区349个,截至北京时间 2022-04-04 17:11,吉林,长春,九台区苇子沟街道拉拉村,中风险,349,2022-04-04T17:11:00Z
131,2,6,60,中风险地区349个,截至北京时间 2022-04-04 17:11,吉林,长春,九台区苇子沟街道西山村,中风险,349,2022-04-04T17:11:00Z
132,2,6,61,中风险地区349个,截至北京时间 2022-04-04 17:11,吉林,长春,九台区苇子沟街道小苇村,中风险,349,2022-04-04T17:11:00Z
133,2,6,62,中风险地区349个,截至北京时间 2022-04-04 17:11,吉林,长春,九台区兴隆街道大荒地村,中风险,349,2022-04-04T17:11:00Z
134,2,6,63,中风险地区349个,截至北京时间 2022-04-04 17:11,吉林,长春,九台区主城区,中风险,349,2022-04-04T17:11:00Z
135,2,6,64,中风险地区349个,截至北京时间 2022-04-04 17:11,吉林,长春,净月区德容街道福临花园,中风险,349,2022-04-04T17:11:00Z
136,2,6,65,中风险地区349个,截至北京时间 2022-04-04 17:11,吉林,长春,净月区德容街道福盛小区,中风险,349,2022-04-04T17:11:00Z
137,2,6,66,中风险地区349个,截至北京时间 2022-04-04 17:11,吉林,长春,净月区德容街道万科班芙花园,中风险,349,2022-04-04T17:11:00Z
138,2,6,67,中风险地区349个,截至北京时间 2022-04-04 17:11,吉林,长春,净月区德容街道亚泰华府,中风险,349,2022-04-04T17:11:00Z
139,2,6,68,中风险地区349个,截至北京时间 2022-04-04 17:11,吉林,长春,净月区德正街道保利香槟,中风险,349,2022-04-04T17:11:00Z
140,2,6,69,中风险地区349个,截至北京时间 2022-04-04 17:11,吉林,长春,净月区德正街道东安枫景,中风险,349,2022-04-04T17:11:00Z
141,2,6,70,中风险地区349个,截至北京时间 2022-04-04 17:11,吉林,长春,净月区德正街道潭泽东南明珠,中风险,349,2022-04-04T17:11:00Z
142,2,6,71,中风险地区349个,截至北京时间 2022-04-04 17:11,吉林,长春,净月区永兴街道康诗丹郡,中风险,349,2022-04-04T17:11:00Z
143,2,6,72,中风险地区349个,截至北京时间 2022-04-04 17:11,吉林,长春,净月区永兴街道伟峰东域商业街工地,中风险,349,2022-04-04T17:11:00Z
144,2,6,73,中风险地区349个,截至北京时间 2022-04-04 17:11,吉林,长春,宽城区凯旋街道友谊花园小区,中风险,349,2022-04-04T17:11:00Z
145,2,6,74,中风险地区349个,截至北京时间 2022-04-04 17:11,吉林,长春,绿园区林园街道3535小区,中风险,349,2022-04-04T17:11:00Z
146,2,6,75,中风险地区349个,截至北京时间 2022-04-04 17:11,吉林,长春,绿园区林园街道大禹华邦B区,中风险,349,2022-04-04T17:11:00Z
147,2,6,76,中风险地区349个,截至北京时间 2022-04-04 17:11,吉林,长春,绿园区普阳街道吉业花园,中风险,349,2022-04-04T17:11:00Z
148,2,6,77,中风险地区349个,截至北京时间 2022-04-04 17:11,吉林,长春,绿园区普阳街道辽阳街（101栋、143栋、201栋）,中风险,349,2022-04-04T17:11:00Z
149,2,6,78,中风险地区349个,截至北京时间 2022-04-04 17:11,吉林,长春,绿园区青年街道133厂小区,中风险,349,2022-04-04T17:11:00Z
150,2,6,79,中风险地区349个,截至北京时间 2022-04-04 17:11,吉林,长春,绿园区同心街道,中风险,349,2022-04-04T17:11:00Z
151,2,6,80,中风险地区349个,截至北京时间 2022-04-04 17:11,吉林,长春,绿园区铁西街道彩云阁小区,中风险,349,2022-04-04T17:11:00Z
152,2,6,81,中风险地区349个,截至北京时间 2022-04-04 17:11,吉林,长春,绿园区正阳街道娜奇美4区,中风险,349,2022-04-04T17:11:00Z
153,2,6,82,中风险地区349个,截至北京时间 2022-04-04 17:11,吉林,长春,农安县合隆镇万隆璟堂,中风险,349,2022-04-04T17:11:00Z
154,2,6,83,中风险地区349个,截至北京时间 2022-04-04 17:11,吉林,长春,南关区富裕街道金色世界湾,中风险,349,2022-04-04T17:11:00Z
155,2,6,84,中风险地区349个,截至北京时间 2022-04-04 17:11,吉林,长春,南关区鸿城街道农研家属楼,中风险,349,2022-04-04T17:11:00Z
156,2,6,85,中风险地区349个,截至北京时间 2022-04-04 17:11,吉林,长春,南关区鸿城街道卫星花园,中风险,349,2022-04-04T17:11:00Z
157,2,6,86,中风险地区349个,截至北京时间 2022-04-04 17:11,吉林,长春,南关区明珠街道力旺美林,中风险,349,2022-04-04T17:11:00Z
158,2,6,87,中风险地区349个,截至北京时间 2022-04-04 17:11,吉林,长春,南关区明珠街道万科金域长春,中风险,349,2022-04-04T17:11:00Z
159,2,6,88,中风险地区349个,截至北京时间 2022-04-04 17:11,吉林,长春,南关区明珠街道卫星商城,中风险,349,2022-04-04T17:11:00Z
160,2,6,89,中风险地区349个,截至北京时间 2022-04-04 17:11,吉林,长春,南关区明珠街道新城小区,中风险,349,2022-04-04T17:11:00Z
161,2,6,90,中风险地区349个,截至北京时间 2022-04-04 17:11,吉林,长春,南关区明珠街道幸福乡政府宿舍楼,中风险,349,2022-04-04T17:11:00Z
162,2,6,91,中风险地区349个,截至北京时间 2022-04-04 17:11,吉林,长春,南关区明珠街道长春大学,中风险,349,2022-04-04T17:11:00Z
163,2,6,92,中风险地区349个,截至北京时间 2022-04-04 17:11,吉林,长春,南关区明珠街道长春大学公寓,中风险,349,2022-04-04T17:11:00Z
164,2,6,93,中风险地区349个,截至北京时间 2022-04-04 17:11,吉林,长春,南关区明珠街道中铁十三局宿舍,中风险,349,2022-04-04T17:11:00Z
165,2,6,94,中风险地区349个,截至北京时间 2022-04-04 17:11,吉林,长春,南关区南岭街道御翠豪庭,中风险,349,2022-04-04T17:11:00Z
166,2,6,95,中风险地区349个,截至北京时间 2022-04-04 17:11,吉林,长春,南关区幸福乡国信一期,中风险,349,2022-04-04T17:11:00Z
167,2,6,96,中风险地区349个,截至北京时间 2022-04-04 17:11,吉林,长春,汽开区锦城街道44街区,中风险,349,2022-04-04T17:11:00Z
168,2,6,97,中风险地区349个,截至北京时间 2022-04-04 17:11,吉林,长春,汽开区锦城街道47街区,中风险,349,2022-04-04T17:11:00Z
169,2,6,98,中风险地区349个,截至北京时间 2022-04-04 17:11,吉林,长春,汽开区锦城街道恒大首府,中风险,349,2022-04-04T17:11:00Z
170,2,6,99,中风险地区349个,截至北京时间 2022-04-04 17:11,吉林,长春,汽开区锦城街道中铁国际花园,中风险,349,2022-04-04T17:11:00Z
171,2,6,100,中风险地区349个,截至北京时间 2022-04-04 17:11,吉林,长春,双阳区太平镇桦木村,中风险,349,2022-04-04T17:11:00Z
172,2,6,101,中风险地区349个,截至北京时间 2022-04-04 17:11,吉林,长春,双阳区云山街道林溪美郡,中风险,349,2022-04-04T17:11:00Z
173,2,6,102,中风险地区349个,截至北京时间 2022-04-04 17:11,吉林,长春,榆树市城郊街道富润家园,中风险,349,2022-04-04T17:11:00Z
174,2,6,103,中风险地区349个,截至北京时间 2022-04-04 17:11,吉林,长春,榆树市城郊街道和泰府,中风险,349,2022-04-04T17:11:00Z
175,2,6,104,中风险地区349个,截至北京时间 2022-04-04 17:11,吉林,长春,榆树市大岭镇怀家蓝旗村,中风险,349,2022-04-04T17:11:00Z
176,2,6,105,中风险地区349个,截至北京时间 2022-04-04 17:11,吉林,长春,榆树市大岭镇怀家民主村,中风险,349,2022-04-04T17:11:00Z
177,2,6,106,中风险地区349个,截至北京时间 2022-04-04 17:11,吉林,长春,榆树市华昌街道富宇花园,中风险,349,2022-04-04T17:11:00Z
178,2,6,107,中风险地区349个,截至北京时间 2022-04-04 17:11,吉林,长春,榆树市华昌街道图书馆家属楼,中风险,349,2022-04-04T17:11:00Z
179,2,6,108,中风险地区349个,截至北京时间 2022-04-04 17:11,吉林,长春,榆树市环城乡东岭村小河屯,中风险,349,2022-04-04T17:11:00Z
180,2,6,109,中风险地区349个,截至北京时间 2022-04-04 17:11,吉林,长春,榆树市黑林镇芦古村,中风险,349,2022-04-04T17:11:00Z
181,2,6,110,中风险地区349个,截至北京时间 2022-04-04 17:11,吉林,长春,榆树市刘家镇永生村,中风险,349,2022-04-04T17:11:00Z
182,2,6,111,中风险地区349个,截至北京时间 2022-04-04 17:11,吉林,长春,榆树市闵家镇金家村,中风险,349,2022-04-04T17:11:00Z
183,2,6,112,中风险地区349个,截至北京时间 2022-04-04 17:11,吉林,长春,榆树市闵家镇西北地村,中风险,349,2022-04-04T17:11:00Z
184,2,6,113,中风险地区349个,截至北京时间 2022-04-04 17:11,吉林,长春,榆树市泗河镇韩家村,中风险,349,2022-04-04T17:11:00Z
185,2,6,114,中风险地区349个,截至北京时间 2022-04-04 17:11,吉林,长春,榆树市土桥镇十四户村,中风险,349,2022-04-04T17:11:00Z
186,2,6,115,中风险地区349个,截至北京时间 2022-04-04 17:11,吉林,长春,榆树市新立镇太平村西甸子屯,中风险,349,2022-04-04T17:11:00Z
187,2,6,116,中风险地区349个,截至北京时间 2022-04-04 17:11,吉林,长春,榆树市向阳镇复兴村,中风险,349,2022-04-04T17:11:00Z
188,2,6,117,中风险地区349个,截至北京时间 2022-04-04 17:11,吉林,长春,榆树市于家镇红旗村孙成岗屯,中风险,349,2022-04-04T17:11:00Z
189,2,6,118,中风险地区349个,截至北京时间 2022-04-04 17:11,吉林,长春,榆树市于家镇万河村,中风险,349,2022-04-04T17:11:00Z
190,2,6,119,中风险地区349个,截至北京时间 2022-04-04 17:11,吉林,长春,长春新区北湖街道北湖花园,中风险,349,2022-04-04T17:11:00Z
191,2,6,120,中风险地区349个,截至北京时间 2022-04-04 17:11,吉林,长春,长春新区北湖街道北湾新城四期,中风险,349,2022-04-04T17:11:00Z
192,2,6,121,中风险地区349个,截至北京时间 2022-04-04 17:11,吉林,长春,长春新区超越街道大禹褐石,中风险,349,2022-04-04T17:11:00Z
193,2,6,122,中风险地区349个,截至北京时间 2022-04-04 17:11,吉林,长春,长春新区超越街道恒盛豪庭,中风险,349,2022-04-04T17:11:00Z
194,2,6,123,中风险地区349个,截至北京时间 2022-04-04 17:11,吉林,长春,长春新区超越街道万龙丽水湾二期,中风险,349,2022-04-04T17:11:00Z
195,2,6,124,中风险地区349个,截至北京时间 2022-04-04 17:11,吉林,长春,长春新区超越街道修正药业宿舍,中风险,349,2022-04-04T17:11:00Z
196,2,6,125,中风险地区349个,截至北京时间 2022-04-04 17:11,吉林,长春,长春新区飞跃街道新星宇之新观邸,中风险,349,2022-04-04T17:11:00Z
197,2,6,126,中风险地区349个,截至北京时间 2022-04-04 17:11,吉林,长春,长春新区硅谷街道昂展公园里,中风险,349,2022-04-04T17:11:00Z
198,2,6,127,中风险地区349个,截至北京时间 2022-04-04 17:11,吉林,长春,长春新区硅谷街道恒大雅苑,中风险,349,2022-04-04T17:11:00Z
199,2,6,128,中风险地区349个,截至北京时间 2022-04-04 17:11,吉林,吉林市,吉林市船营区北山街道乐园一区12号楼,中风险,349,2022-04-04T17:11:00Z
200,2,6,129,中风险地区349个,截至北京时间 2022-04-04 17:11,吉林,吉林市,吉林市昌邑区桦皮厂镇鳌龙河村,中风险,349,2022-04-04T17:11:00Z
201,2,6,130,中风险地区349个,截至北京时间 2022-04-04 17:11,吉林,吉林市,吉林市昌邑区桦皮厂镇乐园村,中风险,349,2022-04-04T17:11:00Z
202,2,6,131,中风险地区349个,截至北京时间 2022-04-04 17:11,吉林,吉林市,吉林市昌邑区民主街道兴国胡同27号岔路乡公寓,中风险,349,2022-04-04T17:11:00Z
203,2,6,132,中风险地区349个,截至北京时间 2022-04-04 17:11,吉林,吉林市,吉林市昌邑区兴华街道兴田上城7号楼A座,中风险,349,2022-04-04T17:11:00Z
204,2,6,133,中风险地区349个,截至北京时间 2022-04-04 17:11,吉林,吉林市,吉林市龙潭区承德街道江山如画小区3号楼3单元,中风险,349,2022-04-04T17:11:00Z
205,2,6,134,中风险地区349个,截至北京时间 2022-04-04 17:11,吉林,吉林市,吉林市昌邑区桦皮厂镇庆祥村,中风险,349,2022-04-04T17:11:00Z
206,2,6,135,中风险地区349个,截至北京时间 2022-04-04 17:11,吉林,吉林市,吉林市船营区青岛街道庆丰小区12号楼5单元,中风险,349,2022-04-04T17:11:00Z
207,2,6,136,中风险地区349个,截至北京时间 2022-04-04 17:11,吉林,吉林市,昌邑区孤店子镇孤店子村,中风险,349,2022-04-04T17:11:00Z
208,2,6,137,中风险地区349个,截至北京时间 2022-04-04 17:11,吉林,吉林市,昌邑区哈达湾街道绿地福林小区10-3栋2单元,中风险,349,2022-04-04T17:11:00Z
209,2,6,138,中风险地区349个,截至北京时间 2022-04-04 17:11,吉林,吉林市,昌邑区桦皮厂镇平胜村,中风险,349,2022-04-04T17:11:00Z
210,2,6,139,中风险地区349个,截至北京时间 2022-04-04 17:11,吉林,吉林市,昌邑区莲花街道沈铁幸福里小区12号楼2单元,中风险,349,2022-04-04T17:11:00Z
211,2,6,140,中风险地区349个,截至北京时间 2022-04-04 17:11,吉林,吉林市,昌邑区两家子乡盆窑村3组,中风险,349,2022-04-04T17:11:00Z
212,2,6,141,中风险地区349个,截至北京时间 2022-04-04 17:11,吉林,吉林市,昌邑区土城子乡聂司马村1组,中风险,349,2022-04-04T17:11:00Z
213,2,6,142,中风险地区349个,截至北京时间 2022-04-04 17:11,吉林,吉林市,昌邑区左家镇王家岭村,中风险,349,2022-04-04T17:11:00Z
214,2,6,143,中风险地区349个,截至北京时间 2022-04-04 17:11,吉林,吉林市,昌邑区左家镇小土门村5组,中风险,349,2022-04-04T17:11:00Z
215,2,6,144,中风险地区349个,截至北京时间 2022-04-04 17:11,吉林,吉林市,丰满区江南街道恒东花园小区1号楼2单元,中风险,349,2022-04-04T17:11:00Z
216,2,6,145,中风险地区349个,截至北京时间 2022-04-04 17:11,吉林,吉林市,丰满区前二道乡王相村5组,中风险,349,2022-04-04T17:11:00Z
217,2,6,146,中风险地区349个,截至北京时间 2022-04-04 17:11,吉林,吉林市,丰满区泰山街道如一坊中央公园8号楼,中风险,349,2022-04-04T17:11:00Z
218,2,6,147,中风险地区349个,截至北京时间 2022-04-04 17:11,吉林,吉林市,丰满区小白山乡大兰旗村4社,中风险,349,2022-04-04T17:11:00Z
219,2,6,148,中风险地区349个,截至北京时间 2022-04-04 17:11,吉林,吉林市,丰满区小白山乡鸡冠山村1社,中风险,349,2022-04-04T17:11:00Z
220,2,6,149,中风险地区349个,截至北京时间 2022-04-04 17:11,吉林,吉林市,吉林经济开发区九站街道雾凇水岸小区,中风险,349,2022-04-04T17:11:00Z
221,2,6,150,中风险地区349个,截至北京时间 2022-04-04 17:11,吉林,吉林市,吉林市船营区北极街道望云山景小区,中风险,349,2022-04-04T17:11:00Z
222,2,6,151,中风险地区349个,截至北京时间 2022-04-04 17:11,吉林,吉林市,吉林市船营区北山街道乐园一区17号楼,中风险,349,2022-04-04T17:11:00Z
223,2,6,152,中风险地区349个,截至北京时间 2022-04-04 17:11,吉林,吉林市,吉林市昌邑区东局子街道嘉业花园小区1号楼5单元,中风险,349,2022-04-04T17:11:00Z
224,2,6,153,中风险地区349个,截至北京时间 2022-04-04 17:11,吉林,吉林市,吉林市昌邑区哈达湾街道汇丰家园小区15号楼2单元,中风险,349,2022-04-04T17:11:00Z
225,2,6,154,中风险地区349个,截至北京时间 2022-04-04 17:11,吉林,吉林市,吉林市昌邑区哈达湾经济开发区神华万利城16栋3单元,中风险,349,2022-04-04T17:11:00Z
226,2,6,155,中风险地区349个,截至北京时间 2022-04-04 17:11,吉林,吉林市,吉林市昌邑区桦皮厂镇东风村,中风险,349,2022-04-04T17:11:00Z
227,2,6,156,中风险地区349个,截至北京时间 2022-04-04 17:11,吉林,吉林市,吉林市昌邑区桦皮厂镇桦东村,中风险,349,2022-04-04T17:11:00Z
228,2,6,157,中风险地区349个,截至北京时间 2022-04-04 17:11,吉林,吉林市,吉林市昌邑区桦皮厂镇漂洋村十二组,中风险,349,2022-04-04T17:11:00Z
229,2,6,158,中风险地区349个,截至北京时间 2022-04-04 17:11,吉林,吉林市,吉林市昌邑区桦皮厂镇乔屯村,中风险,349,2022-04-04T17:11:00Z
230,2,6,159,中风险地区349个,截至北京时间 2022-04-04 17:11,吉林,吉林市,吉林市昌邑区桦皮厂镇苏登河村四组,中风险,349,2022-04-04T17:11:00Z
231,2,6,160,中风险地区349个,截至北京时间 2022-04-04 17:11,吉林,吉林市,吉林市昌邑区桦皮厂镇永胜村十二组,中风险,349,2022-04-04T17:11:00Z
232,2,6,161,中风险地区349个,截至北京时间 2022-04-04 17:11,吉林,吉林市,吉林市昌邑区桦皮厂镇张相村,中风险,349,2022-04-04T17:11:00Z
233,2,6,162,中风险地区349个,截至北京时间 2022-04-04 17:11,吉林,吉林市,吉林市昌邑区莲花街道朝阳鸿祥苑15号楼3单元,中风险,349,2022-04-04T17:11:00Z
234,2,6,163,中风险地区349个,截至北京时间 2022-04-04 17:11,吉林,吉林市,吉林市昌邑区莲花街道卢瓦尔小镇D38号楼,中风险,349,2022-04-04T17:11:00Z
235,2,6,164,中风险地区349个,截至北京时间 2022-04-04 17:11,吉林,吉林市,吉林市昌邑区两家子乡两家子村二组,中风险,349,2022-04-04T17:11:00Z
236,2,6,165,中风险地区349个,截至北京时间 2022-04-04 17:11,吉林,吉林市,吉林市昌邑区两家子乡李屯村,中风险,349,2022-04-04T17:11:00Z
237,2,6,166,中风险地区349个,截至北京时间 2022-04-04 17:11,吉林,吉林市,吉林市昌邑区民主街道运河里小区15号楼3单元,中风险,349,2022-04-04T17:11:00Z
238,2,6,167,中风险地区349个,截至北京时间 2022-04-04 17:11,吉林,吉林市,吉林市船营区新北街道张久村6社,中风险,349,2022-04-04T17:11:00Z
239,2,6,168,中风险地区349个,截至北京时间 2022-04-04 17:11,吉林,吉林市,吉林市船营区致和街道森邻里小区23号楼4单元,中风险,349,2022-04-04T17:11:00Z
240,2,6,169,中风险地区349个,截至北京时间 2022-04-04 17:11,吉林,吉林市,吉林市昌邑区站前街道桃花源小区1号楼1单元,中风险,349,2022-04-04T17:11:00Z
241,2,6,170,中风险地区349个,截至北京时间 2022-04-04 17:11,吉林,吉林市,吉林市丰满区龙城帝景小区103栋,中风险,349,2022-04-04T17:11:00Z
242,2,6,171,中风险地区349个,截至北京时间 2022-04-04 17:11,吉林,吉林市,吉林市龙潭区山前街道万兴家和小区1号楼2单元,中风险,349,2022-04-04T17:11:00Z
243,2,6,172,中风险地区349个,截至北京时间 2022-04-04 17:11,吉林,吉林市,吉林市磐石市驿马镇滚马岭村样子沟屯,中风险,349,2022-04-04T17:11:00Z
244,2,6,173,中风险地区349个,截至北京时间 2022-04-04 17:11,吉林,吉林市,吉林市永吉县北大湖镇南沟村南沟家园小区,中风险,349,2022-04-04T17:11:00Z
245,2,6,174,中风险地区349个,截至北京时间 2022-04-04 17:11,吉林,延边,汪清县和兴嘉苑A区7号楼,中风险,349,2022-04-04T17:11:00Z
246,2,7,1,中风险地区349个,截至北京时间 2022-04-04 17:11,黑龙江,哈尔滨,哈达村,中风险,349,2022-04-04T17:11:00Z
247,2,7,2,中风险地区349个,截至北京时间 2022-04-04 17:11,黑龙江,哈尔滨,林家街10号（汉林美苑小区1号楼）,中风险,349,2022-04-04T17:11:00Z
248,2,7,3,中风险地区349个,截至北京时间 2022-04-04 17:11,黑龙江,哈尔滨,南岗区鲁商凤凰城3栋,中风险,349,2022-04-04T17:11:00Z
249,2,7,4,中风险地区349个,截至北京时间 2022-04-04 17:11,黑龙江,哈尔滨,南岗区南航花园B栋,中风险,349,2022-04-04T17:11:00Z
250,2,7,5,中风险地区349个,截至北京时间 2022-04-04 17:11,黑龙江,哈尔滨,南岗区清滨路14号,中风险,349,2022-04-04T17:11:00Z
251,2,7,6,中风险地区349个,截至北京时间 2022-04-04 17:11,黑龙江,哈尔滨,尚志市亚布力镇,中风险,349,2022-04-04T17:11:00Z
252,2,7,7,中风险地区349个,截至北京时间 2022-04-04 17:11,黑龙江,哈尔滨,五常市古榆村,中风险,349,2022-04-04T17:11:00Z
253,2,7,8,中风险地区349个,截至北京时间 2022-04-04 17:11,黑龙江,哈尔滨,五常市营城子乡南土村,中风险,349,2022-04-04T17:11:00Z
254,2,7,9,中风险地区349个,截至北京时间 2022-04-04 17:11,黑龙江,哈尔滨,五常市镇国税小区,中风险,349,2022-04-04T17:11:00Z
255,2,7,10,中风险地区349个,截至北京时间 2022-04-04 17:11,黑龙江,佳木斯,理想家园10号楼,中风险,349,2022-04-04T17:11:00Z
256,2,7,11,中风险地区349个,截至北京时间 2022-04-04 17:11,黑龙江,佳木斯,理想家园11号楼,中风险,349,2022-04-04T17:11:00Z
257,2,7,12,中风险地区349个,截至北京时间 2022-04-04 17:11,黑龙江,佳木斯,理想家园6号楼,中风险,349,2022-04-04T17:11:00Z
258,2,7,13,中风险地区349个,截至北京时间 2022-04-04 17:11,黑龙江,佳木斯,清华C区12号楼,中风险,349,2022-04-04T17:11:00Z
259,2,7,14,中风险地区349个,截至北京时间 2022-04-04 17:11,黑龙江,佳木斯,清华C区6号楼,中风险,349,2022-04-04T17:11:00Z
260,2,7,15,中风险地区349个,截至北京时间 2022-04-04 17:11,黑龙江,佳木斯,清华新城5、12号楼,中风险,349,2022-04-04T17:11:00Z
261,2,7,16,中风险地区349个,截至北京时间 2022-04-04 17:11,黑龙江,佳木斯,汤原县学府新城10号楼,中风险,349,2022-04-04T17:11:00Z
262,2,7,17,中风险地区349个,截至北京时间 2022-04-04 17:11,黑龙江,佳木斯,幸福家园3、4、8号楼,中风险,349,2022-04-04T17:11:00Z
263,2,7,18,中风险地区349个,截至北京时间 2022-04-04 17:11,黑龙江,佳木斯,阳光花园小区,中风险,349,2022-04-04T17:11:00Z
264,2,8,1,中风险地区349个,截至北京时间 2022-04-04 17:11,上海,浦东新区,北蔡镇联勤村冯桥南宅,中风险,349,2022-04-04T17:11:00Z
265,2,8,2,中风险地区349个,截至北京时间 2022-04-04 17:11,上海,浦东新区,北蔡镇鹏飞路411弄6号,中风险,349,2022-04-04T17:11:00Z
266,2,8,3,中风险地区349个,截至北京时间 2022-04-04 17:11,上海,浦东新区,北蔡镇御北路235号,中风险,349,2022-04-04T17:11:00Z
267,2,8,4,中风险地区349个,截至北京时间 2022-04-04 17:11,上海,浦东新区,浦东新区康桥镇苗桥路935弄19号,中风险,349,2022-04-04T17:11:00Z
268,2,8,5,中风险地区349个,截至北京时间 2022-04-04 17:11,上海,浦东新区,浦东新区日京路88号,中风险,349,2022-04-04T17:11:00Z
269,2,8,6,中风险地区349个,截至北京时间 2022-04-04 17:11,上海,闵行区,华漕镇许浦村三队、,中风险,349,2022-04-04T17:11:00Z
270,2,8,7,中风险地区349个,截至北京时间 2022-04-04 17:11,上海,闵行区,梅陇镇许泾村八组,中风险,349,2022-04-04T17:11:00Z
271,2,8,8,中风险地区349个,截至北京时间 2022-04-04 17:11,上海,闵行区,闵行区梅陇镇行南村三队、,中风险,349,2022-04-04T17:11:00Z
272,2,8,9,中风险地区349个,截至北京时间 2022-04-04 17:11,上海,嘉定区,嘉定区马陆镇康年路261号工地宿舍,中风险,349,2022-04-04T17:11:00Z
273,2,8,10,中风险地区349个,截至北京时间 2022-04-04 17:11,上海,嘉定区,江桥镇增建村柴中村民组,中风险,349,2022-04-04T17:11:00Z
274,2,8,11,中风险地区349个,截至北京时间 2022-04-04 17:11,上海,崇明区,崇明区长兴镇长明村21队,中风险,349,2022-04-04T17:11:00Z
275,2,8,12,中风险地区349个,截至北京时间 2022-04-04 17:11,上海,崇明区,长兴镇新港村15队,中风险,349,2022-04-04T17:11:00Z
276,2,8,13,中风险地区349个,截至北京时间 2022-04-04 17:11,上海,黄浦区,打浦桥街道顺昌路612弄20号,中风险,349,2022-04-04T17:11:00Z
277,2,9,1,中风险地区349个,截至北京时间 2022-04-04 17:11,江苏,徐州,鼓楼区华美东观园10号楼,中风险,349,2022-04-04T17:11:00Z
278,2,9,2,中风险地区349个,截至北京时间 2022-04-04 17:11,江苏,徐州,鼓楼区荆南小区14号楼,中风险,349,2022-04-04T17:11:00Z
279,2,9,3,中风险地区349个,截至北京时间 2022-04-04 17:11,江苏,徐州,鼓楼区荆南小区2号楼,中风险,349,2022-04-04T17:11:00Z
280,2,9,4,中风险地区349个,截至北京时间 2022-04-04 17:11,江苏,徐州,鼓楼区山水路商业街A-1-24,中风险,349,2022-04-04T17:11:00Z
281,2,9,5,中风险地区349个,截至北京时间 2022-04-04 17:11,江苏,徐州,鼓楼区中山北路336-6,中风险,349,2022-04-04T17:11:00Z
282,2,9,6,中风险地区349个,截至北京时间 2022-04-04 17:11,江苏,南京,秦淮区朝天宫街道评事街小区千章巷22号,中风险,349,2022-04-04T17:11:00Z
283,2,9,7,中风险地区349个,截至北京时间 2022-04-04 17:11,江苏,南京,秦淮区洪武路街道砂珠巷小区6栋,中风险,349,2022-04-04T17:11:00Z
284,2,9,8,中风险地区349个,截至北京时间 2022-04-04 17:11,江苏,南京,秦淮区洪武路街道现代大厦,中风险,349,2022-04-04T17:11:00Z
285,2,9,9,中风险地区349个,截至北京时间 2022-04-04 17:11,江苏,南京,栖霞区尧化街道下曹村99号和100号,中风险,349,2022-04-04T17:11:00Z
286,2,10,1,中风险地区349个,截至北京时间 2022-04-04 17:11,安徽,芜湖,栖霞小区31栋,中风险,349,2022-04-04T17:11:00Z
287,2,10,2,中风险地区349个,截至北京时间 2022-04-04 17:11,安徽,芜湖,新城华府小区1号楼,中风险,349,2022-04-04T17:11:00Z
288,2,10,3,中风险地区349个,截至北京时间 2022-04-04 17:11,安徽,芜湖,新港镇建华建材职工宿舍5栋,中风险,349,2022-04-04T17:11:00Z
289,2,10,4,中风险地区349个,截至北京时间 2022-04-04 17:11,安徽,芜湖,阳光花园C区14栋,中风险,349,2022-04-04T17:11:00Z
290,2,10,5,中风险地区349个,截至北京时间 2022-04-04 17:11,安徽,淮南,凤台县李冲回族乡李冲村,中风险,349,2022-04-04T17:11:00Z
291,2,10,6,中风险地区349个,截至北京时间 2022-04-04 17:11,安徽,淮南,凤台县李冲回族乡民族村,中风险,349,2022-04-04T17:11:00Z
292,2,10,7,中风险地区349个,截至北京时间 2022-04-04 17:11,安徽,淮南,凤台县刘集镇淝北村,中风险,349,2022-04-04T17:11:00Z
293,2,10,8,中风险地区349个,截至北京时间 2022-04-04 17:11,安徽,阜阳,颍上县谢桥镇全域,中风险,349,2022-04-04T17:11:00Z
294,2,10,9,中风险地区349个,截至北京时间 2022-04-04 17:11,安徽,铜陵,铜官区新苑小区三期2栋,中风险,349,2022-04-04T17:11:00Z
295,2,11,1,中风险地区349个,截至北京时间 2022-04-04 17:11,福建,泉州,德化县龙浔镇丁溪村,中风险,349,2022-04-04T17:11:00Z
296,2,11,2,中风险地区349个,截至北京时间 2022-04-04 17:11,福建,泉州,丰泽区城东街道金屿社区,中风险,349,2022-04-04T17:11:00Z
297,2,11,3,中风险地区349个,截至北京时间 2022-04-04 17:11,福建,泉州,丰泽区城东街道美仙山二期20栋,中风险,349,2022-04-04T17:11:00Z
298,2,11,4,中风险地区349个,截至北京时间 2022-04-04 17:11,福建,泉州,丰泽区城东街道通海社区,中风险,349,2022-04-04T17:11:00Z
299,2,11,5,中风险地区349个,截至北京时间 2022-04-04 17:11,福建,泉州,丰泽区城东街道通源社区,中风险,349,2022-04-04T17:11:00Z
300,2,11,6,中风险地区349个,截至北京时间 2022-04-04 17:11,福建,泉州,丰泽区城东街道西福社区,中风险,349,2022-04-04T17:11:00Z
301,2,11,7,中风险地区349个,截至北京时间 2022-04-04 17:11,福建,泉州,丰泽区城东街道霞美社区,中风险,349,2022-04-04T17:11:00Z
302,2,11,8,中风险地区349个,截至北京时间 2022-04-04 17:11,福建,泉州,丰泽区城东街道新前社区,中风险,349,2022-04-04T17:11:00Z
303,2,11,9,中风险地区349个,截至北京时间 2022-04-04 17:11,福建,泉州,丰泽区城东街道毓才花苑二期6栋、13栋,中风险,349,2022-04-04T17:11:00Z
304,2,11,10,中风险地区349个,截至北京时间 2022-04-04 17:11,福建,泉州,丰泽区城东街道庄任社区,中风险,349,2022-04-04T17:11:00Z
305,2,11,11,中风险地区349个,截至北京时间 2022-04-04 17:11,福建,泉州,丰泽区东海街道宝山社区,中风险,349,2022-04-04T17:11:00Z
306,2,11,12,中风险地区349个,截至北京时间 2022-04-04 17:11,福建,泉州,丰泽区东湖街道铭湖社区,中风险,349,2022-04-04T17:11:00Z
307,2,11,13,中风险地区349个,截至北京时间 2022-04-04 17:11,福建,泉州,丰泽区丰泽街道东淮社区,中风险,349,2022-04-04T17:11:00Z
308,2,11,14,中风险地区349个,截至北京时间 2022-04-04 17:11,福建,泉州,丰泽区丰泽街道东涂社区,中风险,349,2022-04-04T17:11:00Z
309,2,11,15,中风险地区349个,截至北京时间 2022-04-04 17:11,福建,泉州,丰泽区丰泽街道丰泽社区,中风险,349,2022-04-04T17:11:00Z
310,2,11,16,中风险地区349个,截至北京时间 2022-04-04 17:11,福建,泉州,丰泽区丰泽街道丰泽新村88号,中风险,349,2022-04-04T17:11:00Z
311,2,11,17,中风险地区349个,截至北京时间 2022-04-04 17:11,福建,泉州,丰泽区丰泽街道前坂社区,中风险,349,2022-04-04T17:11:00Z
312,2,11,18,中风险地区349个,截至北京时间 2022-04-04 17:11,福建,泉州,丰泽区丰泽街道源淮社区,中风险,349,2022-04-04T17:11:00Z
313,2,11,19,中风险地区349个,截至北京时间 2022-04-04 17:11,福建,泉州,丰泽区丰泽街道迎津社区,中风险,349,2022-04-04T17:11:00Z
314,2,11,20,中风险地区349个,截至北京时间 2022-04-04 17:11,福建,泉州,丰泽区华大街道华城社区,中风险,349,2022-04-04T17:11:00Z
315,2,11,21,中风险地区349个,截至北京时间 2022-04-04 17:11,福建,泉州,丰泽区泉秀街道灯洲社区,中风险,349,2022-04-04T17:11:00Z
316,2,11,22,中风险地区349个,截至北京时间 2022-04-04 17:11,福建,泉州,丰泽区泉秀街道华丰社区,中风险,349,2022-04-04T17:11:00Z
317,2,11,23,中风险地区349个,截至北京时间 2022-04-04 17:11,福建,泉州,丰泽区泉秀街道泉淮社区,中风险,349,2022-04-04T17:11:00Z
318,2,11,24,中风险地区349个,截至北京时间 2022-04-04 17:11,福建,泉州,丰泽区泉秀街道新秀社区,中风险,349,2022-04-04T17:11:00Z
319,2,11,25,中风险地区349个,截至北京时间 2022-04-04 17:11,福建,泉州,丰泽区清源街道西宝社区,中风险,349,2022-04-04T17:11:00Z
320,2,11,26,中风险地区349个,截至北京时间 2022-04-04 17:11,福建,泉州,晋江市池店镇赤塘村,中风险,349,2022-04-04T17:11:00Z
321,2,11,27,中风险地区349个,截至北京时间 2022-04-04 17:11,福建,泉州,晋江市陈埭镇高坑村,中风险,349,2022-04-04T17:11:00Z
322,2,11,28,中风险地区349个,截至北京时间 2022-04-04 17:11,福建,泉州,晋江市陈埭镇涵口村五四路17号,中风险,349,2022-04-04T17:11:00Z
323,2,11,29,中风险地区349个,截至北京时间 2022-04-04 17:11,福建,泉州,晋江市池店镇海丝景城A区,中风险,349,2022-04-04T17:11:00Z
324,2,11,30,中风险地区349个,截至北京时间 2022-04-04 17:11,福建,泉州,晋江市池店镇清蒙村,中风险,349,2022-04-04T17:11:00Z
325,2,11,31,中风险地区349个,截至北京时间 2022-04-04 17:11,福建,泉州,晋江市池店镇浯潭村,中风险,349,2022-04-04T17:11:00Z
326,2,11,32,中风险地区349个,截至北京时间 2022-04-04 17:11,福建,泉州,晋江市池店镇新店村,中风险,349,2022-04-04T17:11:00Z
327,2,11,33,中风险地区349个,截至北京时间 2022-04-04 17:11,福建,泉州,晋江市池店镇霞福村金福小区,中风险,349,2022-04-04T17:11:00Z
328,2,11,34,中风险地区349个,截至北京时间 2022-04-04 17:11,福建,泉州,晋江市陈埭镇洋埭村,中风险,349,2022-04-04T17:11:00Z
329,2,11,35,中风险地区349个,截至北京时间 2022-04-04 17:11,福建,泉州,晋江市店镇百信御江帝景一期,中风险,349,2022-04-04T17:11:00Z
330,2,11,36,中风险地区349个,截至北京时间 2022-04-04 17:11,福建,泉州,晋江市永和镇割山村,中风险,349,2022-04-04T17:11:00Z
331,2,11,37,中风险地区349个,截至北京时间 2022-04-04 17:11,福建,泉州,鲤城区海滨街道T淘园北至芳草嘉园、南至泉州市市政工程管理处、东至新华南路、西至芳草园公园,中风险,349,2022-04-04T17:11:00Z
332,2,11,38,中风险地区349个,截至北京时间 2022-04-04 17:11,福建,泉州,鲤城区开元街道梅峰社区,中风险,349,2022-04-04T17:11:00Z
333,2,11,39,中风险地区349个,截至北京时间 2022-04-04 17:11,福建,泉州,鲤城区临江街道伍堡社区,中风险,349,2022-04-04T17:11:00Z
334,2,11,40,中风险地区349个,截至北京时间 2022-04-04 17:11,福建,泉州,鲤城区鲤中街道百源社区北至龙宫巷、南至后城街、东至侨乡商品街、西至小菜巷,中风险,349,2022-04-04T17:11:00Z
335,2,11,41,中风险地区349个,截至北京时间 2022-04-04 17:11,福建,泉州,鲤城区鲤中街道促进社区,中风险,349,2022-04-04T17:11:00Z
336,2,11,42,中风险地区349个,截至北京时间 2022-04-04 17:11,福建,泉州,鲤城区鲤中街道和平社区北至东街、南至玉犀巷、西至中山中路、东至观东巷区域,中风险,349,2022-04-04T17:11:00Z
337,2,11,43,中风险地区349个,截至北京时间 2022-04-04 17:11,福建,泉州,洛江区万安街道吉源小区,中风险,349,2022-04-04T17:11:00Z
338,2,11,44,中风险地区349个,截至北京时间 2022-04-04 17:11,福建,泉州,洛江区万安街道吉源雅苑1号楼,中风险,349,2022-04-04T17:11:00Z
339,2,11,45,中风险地区349个,截至北京时间 2022-04-04 17:11,福建,泉州,洛江区万安街道首富商城,中风险,349,2022-04-04T17:11:00Z
340,2,11,46,中风险地区349个,截至北京时间 2022-04-04 17:11,福建,泉州,石狮墨蒲酒吧,中风险,349,2022-04-04T17:11:00Z
341,2,11,47,中风险地区349个,截至北京时间 2022-04-04 17:11,福建,泉州,石狮市湖滨街道曾坑社区红日路5号鑫源公寓,中风险,349,2022-04-04T17:11:00Z
342,2,11,48,中风险地区349个,截至北京时间 2022-04-04 17:11,福建,泉州,石狮市锦尚镇厝上村五片区4号楼,中风险,349,2022-04-04T17:11:00Z
343,2,11,49,中风险地区349个,截至北京时间 2022-04-04 17:11,福建,泉州,石狮市灵秀镇香江路1685-1687号栋楼,中风险,349,2022-04-04T17:11:00Z
344,2,11,50,中风险地区349个,截至北京时间 2022-04-04 17:11,福建,泉州,石狮市祥芝镇后湖村大宏公司公寓四区,中风险,349,2022-04-04T17:11:00Z
345,2,11,51,中风险地区349个,截至北京时间 2022-04-04 17:11,福建,莆田,城厢区霞林街道荔园东路1411号下黄小区35号楼4梯,中风险,349,2022-04-04T17:11:00Z
346,2,11,52,中风险地区349个,截至北京时间 2022-04-04 17:11,福建,莆田,涵江区三江口镇杨芳村东曾90号,中风险,349,2022-04-04T17:11:00Z
347,2,11,53,中风险地区349个,截至北京时间 2022-04-04 17:11,福建,莆田,仙游县枫亭镇溪北村林兜60号,中风险,349,2022-04-04T17:11:00Z
348,2,11,54,中风险地区349个,截至北京时间 2022-04-04 17:11,福建,莆田,仙游县鲤城街道东门社区东门街989号,中风险,349,2022-04-04T17:11:00Z
349,2,11,55,中风险地区349个,截至北京时间 2022-04-04 17:11,福建,莆田,仙游县鲤城街道东门社区师范路996号,中风险,349,2022-04-04T17:11:00Z
350,2,11,56,中风险地区349个,截至北京时间 2022-04-04 17:11,福建,莆田,仙游县赖店镇土山村赖营西路252号,中风险,349,2022-04-04T17:11:00Z
351,2,11,57,中风险地区349个,截至北京时间 2022-04-04 17:11,福建,漳州,芗城区龙江富城小区1栋,中风险,349,2022-04-04T17:11:00Z
352,2,12,1,中风险地区349个,截至北京时间 2022-04-04 17:11,江西,南昌,新建区石岗镇界坛村,中风险,349,2022-04-04T17:11:00Z
353,2,12,2,中风险地区349个,截至北京时间 2022-04-04 17:11,江西,南昌,新建区石岗镇田北村谌家老居,中风险,349,2022-04-04T17:11:00Z
354,2,12,3,中风险地区349个,截至北京时间 2022-04-04 17:11,江西,南昌,新建区石岗镇长征路15号,中风险,349,2022-04-04T17:11:00Z
355,2,13,1,中风险地区349个,截至北京时间 2022-04-04 17:11,山东,滨州,惠民县孙武街道办事处怡水龙城小区,中风险,349,2022-04-04T17:11:00Z
356,2,13,2,中风险地区349个,截至北京时间 2022-04-04 17:11,山东,滨州,阳信县金阳街道办事处北八里村,中风险,349,2022-04-04T17:11:00Z
357,2,13,3,中风险地区349个,截至北京时间 2022-04-04 17:11,山东,滨州,阳信县洋湖乡勃李村、,中风险,349,2022-04-04T17:11:00Z
358,2,13,4,中风险地区349个,截至北京时间 2022-04-04 17:11,山东,滨州,邹平市韩店镇上口村、,中风险,349,2022-04-04T17:11:00Z
359,2,13,5,中风险地区349个,截至北京时间 2022-04-04 17:11,山东,潍坊,北关街道谷德锦商场,中风险,349,2022-04-04T17:11:00Z
360,2,13,6,中风险地区349个,截至北京时间 2022-04-04 17:11,山东,潍坊,城关街道颐园小区,中风险,349,2022-04-04T17:11:00Z
361,2,13,7,中风险地区349个,截至北京时间 2022-04-04 17:11,山东,威海,威海火炬高技术产业开发区仁和佳苑,中风险,349,2022-04-04T17:11:00Z
362,2,13,8,中风险地区349个,截至北京时间 2022-04-04 17:11,山东,威海,威海火炬高技术产业开发区长春路昌鸿小区B区16号楼,中风险,349,2022-04-04T17:11:00Z
363,2,14,1,中风险地区349个,截至北京时间 2022-04-04 17:11,河南,漯河,临颍县杜曲镇东徐庄村,中风险,349,2022-04-04T17:11:00Z
364,2,14,2,中风险地区349个,截至北京时间 2022-04-04 17:11,河南,漯河,临颍县台陈镇台陈村,中风险,349,2022-04-04T17:11:00Z
365,2,14,3,中风险地区349个,截至北京时间 2022-04-04 17:11,河南,漯河,临颍县新城街道办事处辖区,中风险,349,2022-04-04T17:11:00Z
366,2,14,4,中风险地区349个,截至北京时间 2022-04-04 17:11,河南,周口,周口市太康县城关镇建设路北段、福兴社区、原纱厂家属院合围地区,中风险,349,2022-04-04T17:11:00Z
367,2,14,5,中风险地区349个,截至北京时间 2022-04-04 17:11,河南,周口,周口市太康县城关镇建设路以西、交通路以南、原小铁路以东、谢安路以北合围地区,中风险,349,2022-04-04T17:11:00Z
368,2,14,6,中风险地区349个,截至北京时间 2022-04-04 17:11,河南,焦作,焦作市修武县王屯乡前董村、,中风险,349,2022-04-04T17:11:00Z
369,2,14,7,中风险地区349个,截至北京时间 2022-04-04 17:11,河南,焦作,政后街合欢小区、,中风险,349,2022-04-04T17:11:00Z
370,2,15,1,中风险地区349个,截至北京时间 2022-04-04 17:11,湖南,长沙,天心区大托铺街道火云山庄烤全羊店（湘江南路店）,中风险,349,2022-04-04T17:11:00Z
371,2,15,2,中风险地区349个,截至北京时间 2022-04-04 17:11,湖南,长沙,天心区新开铺街道天翔新新家园A栋,中风险,349,2022-04-04T17:11:00Z
372,2,15,3,中风险地区349个,截至北京时间 2022-04-04 17:11,湖南,长沙,雨花区东塘街道枫树山社区,中风险,349,2022-04-04T17:11:00Z
373,2,15,4,中风险地区349个,截至北京时间 2022-04-04 17:11,湖南,长沙,雨花区东塘街道现代华都小户型楼栋,中风险,349,2022-04-04T17:11:00Z
374,2,15,5,中风险地区349个,截至北京时间 2022-04-04 17:11,湖南,长沙,雨花区雅礼中学,中风险,349,2022-04-04T17:11:00Z
375,2,15,6,中风险地区349个,截至北京时间 2022-04-04 17:11,湖南,长沙,雨花区左家塘街道天润花园2栋区域,中风险,349,2022-04-04T17:11:00Z
376,2,15,7,中风险地区349个,截至北京时间 2022-04-04 17:11,湖南,长沙,雨花区中雅培粹学校,中风险,349,2022-04-04T17:11:00Z
377,2,15,8,中风险地区349个,截至北京时间 2022-04-04 17:11,湖南,长沙,岳麓区湖南大学三食堂,中风险,349,2022-04-04T17:11:00Z
378,2,15,9,中风险地区349个,截至北京时间 2022-04-04 17:11,湖南,长沙,岳麓区湖南大学信息科学与工程学院,中风险,349,2022-04-04T17:11:00Z
379,2,15,10,中风险地区349个,截至北京时间 2022-04-04 17:11,湖南,长沙,岳麓区阳光100小区一期二期三期,中风险,349,2022-04-04T17:11:00Z
380,2,15,11,中风险地区349个,截至北京时间 2022-04-04 17:11,湖南,怀化,鹤城区城中街道舞水小学（本部),中风险,349,2022-04-04T17:11:00Z
381,2,15,12,中风险地区349个,截至北京时间 2022-04-04 17:11,湖南,怀化,鹤城区城南街道岳麓青城一期,中风险,349,2022-04-04T17:11:00Z
382,2,15,13,中风险地区349个,截至北京时间 2022-04-04 17:11,湖南,怀化,鹤城区城南街道岳麓欧城依云堡,中风险,349,2022-04-04T17:11:00Z
383,2,15,14,中风险地区349个,截至北京时间 2022-04-04 17:11,湖南,怀化,鹤城区城中街道鸿福雅苑,中风险,349,2022-04-04T17:11:00Z
384,2,15,15,中风险地区349个,截至北京时间 2022-04-04 17:11,湖南,怀化,鹤城区城中街道怀化大厦,中风险,349,2022-04-04T17:11:00Z
385,2,15,16,中风险地区349个,截至北京时间 2022-04-04 17:11,湖南,怀化,鹤城区城中街道人民路小学,中风险,349,2022-04-04T17:11:00Z
386,2,15,17,中风险地区349个,截至北京时间 2022-04-04 17:11,湖南,怀化,鹤城区城中街道阳光华庭小区,中风险,349,2022-04-04T17:11:00Z
387,2,15,18,中风险地区349个,截至北京时间 2022-04-04 17:11,湖南,怀化,鹤城区河西街道花背村20组,中风险,349,2022-04-04T17:11:00Z
388,2,15,19,中风险地区349个,截至北京时间 2022-04-04 17:11,湖南,怀化,鹤城区河西街道花背村23组,中风险,349,2022-04-04T17:11:00Z
389,2,15,20,中风险地区349个,截至北京时间 2022-04-04 17:11,湖南,邵阳,金石镇御景花园小区,中风险,349,2022-04-04T17:11:00Z
390,2,15,21,中风险地区349个,截至北京时间 2022-04-04 17:11,湖南,衡阳,衡东县石滩乡石金村小泉屋组,中风险,349,2022-04-04T17:11:00Z
391,2,16,1,中风险地区349个,截至北京时间 2022-04-04 17:11,广东,肇庆,金利镇罗客村,中风险,349,2022-04-04T17:11:00Z
392,2,16,2,中风险地区349个,截至北京时间 2022-04-04 17:11,广东,肇庆,金利镇永利工业园内永顺路1至35号连片区域,中风险,349,2022-04-04T17:11:00Z
393,2,16,3,中风险地区349个,截至北京时间 2022-04-04 17:11,广东,东莞,高埗镇北王路高埗段86号百茂物流园,中风险,349,2022-04-04T17:11:00Z
394,2,16,4,中风险地区349个,截至北京时间 2022-04-04 17:11,广东,东莞,中堂镇潢涌村工业路3号,中风险,349,2022-04-04T17:11:00Z
395,2,17,1,中风险地区349个,截至北京时间 2022-04-04 17:11,广西,钦州,沙埠镇大岭村东下队,中风险,349,2022-04-04T17:11:00Z
396,2,17,2,中风险地区349个,截至北京时间 2022-04-04 17:11,广西,钦州,沙埠镇沙寮村黄歧洞,中风险,349,2022-04-04T17:11:00Z
397,2,17,3,中风险地区349个,截至北京时间 2022-04-04 17:11,广西,钦州,沙埠镇沙寮村下沙,中风险,349,2022-04-04T17:11:00Z
398,2,18,1,中风险地区349个,截至北京时间 2022-04-04 17:11,四川,乐山,犍为县玉津镇罗城路众恒中央公园E区,中风险,349,2022-04-04T17:11:00Z
399,2,18,2,中风险地区349个,截至北京时间 2022-04-04 17:11,四川,乐山,犍为县玉津镇麻柳路翠湖公园小区,中风险,349,2022-04-04T17:11:00Z
